restaurant_id,name,cuisine_type,location,rating,avg_delivery_time
1,Restaurant_1,Fast Food,Delhi,4.8,32
2,Restaurant_2,Fast Food,Bangalore,4.2,48
3,Restaurant_3,Fast Food,Delhi,4.6,58
4,Restaurant_4,Fast Food,Delhi,4.7,43
5,Restaurant_5,South Indian,Pune,3.9,45
6,Restaurant_6,South Indian,Hyderabad,3.8,36
7,Restaurant_7,Chinese,Hyderabad,3.6,26
8,Restaurant_8,North Indian,Delhi,3.3,32
9,Restaurant_9,Fast Food,Mumbai,3.6,24
10,Restaurant_10,Chinese,Bangalore,4.4,45
11,Restaurant_11,North Indian,Mumbai,4.0,22
12,Restaurant_12,Mexican,Mumbai,4.7,26
13,Restaurant_13,Italian,Delhi,3.6,58
14,Restaurant_14,South Indian,Delhi,4.0,20
15,Restaurant_15,Mexican,Delhi,4.1,36
16,Restaurant_16,North Indian,Delhi,4.0,44
17,Restaurant_17,Mexican,Hyderabad,4.3,22
18,Restaurant_18,Italian,Delhi,3.1,34
19,Restaurant_19,North Indian,Hyderabad,3.8,48
20,Restaurant_20,Mexican,Hyderabad,2.8,51
21,Restaurant_21,South Indian,Delhi,3.5,45
22,Restaurant_22,South Indian,Pune,3.7,35
23,Restaurant_23,Chinese,Bangalore,4.1,44
24,Restaurant_24,Mexican,Mumbai,4.9,47
25,Restaurant_25,Fast Food,Hyderabad,4.0,28
26,Restaurant_26,Mexican,Bangalore,4.4,20
27,Restaurant_27,North Indian,Pune,3.8,48
28,Restaurant_28,North Indian,Mumbai,4.1,41
29,Restaurant_29,Mexican,Mumbai,2.7,35
30,Restaurant_30,Italian,Hyderabad,3.1,26
31,Restaurant_31,South Indian,Delhi,3.4,33
32,Restaurant_32,North Indian,Pune,3.7,48
33,Restaurant_33,South Indian,Hyderabad,2.6,38
34,Restaurant_34,North Indian,Pune,2.9,38
35,Restaurant_35,Chinese,Delhi,3.2,21
36,Restaurant_36,Fast Food,Delhi,4.9,34
37,Restaurant_37,North Indian,Hyderabad,3.3,22
38,Restaurant_38,South Indian,Delhi,3.7,30
39,Restaurant_39,Chinese,Bangalore,3.0,49
40,Restaurant_40,North Indian,Mumbai,4.0,59
41,Restaurant_41,Italian,Hyderabad,3.2,37
42,Restaurant_42,Fast Food,Pune,3.0,21
43,Restaurant_43,North Indian,Bangalore,3.8,51
44,Restaurant_44,Chinese,Hyderabad,2.5,27
45,Restaurant_45,Italian,Delhi,2.5,41
46,Restaurant_46,Mexican,Delhi,3.0,25
47,Restaurant_47,Chinese,Delhi,2.6,31
48,Restaurant_48,Chinese,Delhi,2.8,59
49,Restaurant_49,Italian,Pune,3.3,55
50,Restaurant_50,Chinese,Bangalore,4.5,34
51,Restaurant_51,Italian,Mumbai,3.9,47
52,Restaurant_52,North Indian,Pune,3.8,37
53,Restaurant_53,Italian,Pune,3.2,21
54,Restaurant_54,Italian,Mumbai,4.8,32
55,Restaurant_55,Fast Food,Mumbai,3.5,34
56,Restaurant_56,Italian,Delhi,2.7,39
57,Restaurant_57,Italian,Pune,4.0,48
58,Restaurant_58,Mexican,Hyderabad,2.8,48
59,Restaurant_59,North Indian,Mumbai,3.4,22
60,Restaurant_60,Fast Food,Mumbai,3.8,38
61,Restaurant_61,Mexican,Bangalore,4.7,22
62,Restaurant_62,South Indian,Hyderabad,3.7,33
63,Restaurant_63,North Indian,Hyderabad,4.3,59
64,Restaurant_64,North Indian,Mumbai,5.0,23
65,Restaurant_65,South Indian,Delhi,2.8,30
66,Restaurant_66,Italian,Bangalore,3.2,50
67,Restaurant_67,Mexican,Hyderabad,3.5,51
68,Restaurant_68,Chinese,Mumbai,3.6,46
69,Restaurant_69,Fast Food,Hyderabad,3.5,49
70,Restaurant_70,Chinese,Bangalore,4.8,21
71,Restaurant_71,South Indian,Bangalore,4.3,28
72,Restaurant_72,North Indian,Pune,4.0,47
73,Restaurant_73,North Indian,Mumbai,3.3,50
74,Restaurant_74,Fast Food,Bangalore,4.6,53
75,Restaurant_75,North Indian,Pune,4.9,34
76,Restaurant_76,North Indian,Pune,4.6,44
77,Restaurant_77,Fast Food,Hyderabad,2.5,55
78,Restaurant_78,Mexican,Hyderabad,4.1,27
79,Restaurant_79,Mexican,Pune,2.6,28
80,Restaurant_80,Fast Food,Hyderabad,3.1,56
81,Restaurant_81,South Indian,Bangalore,2.6,58
82,Restaurant_82,North Indian,Delhi,4.0,51
83,Restaurant_83,North Indian,Bangalore,4.2,36
84,Restaurant_84,South Indian,Pune,2.8,54
85,Restaurant_85,Mexican,Pune,3.5,56
86,Restaurant_86,Italian,Bangalore,3.6,38
87,Restaurant_87,Italian,Hyderabad,3.4,48
88,Restaurant_88,Italian,Hyderabad,2.8,26
89,Restaurant_89,Mexican,Pune,3.5,47
90,Restaurant_90,Mexican,Mumbai,4.4,28
91,Restaurant_91,South Indian,Hyderabad,2.7,47
92,Restaurant_92,North Indian,Bangalore,2.7,25
93,Restaurant_93,South Indian,Hyderabad,3.4,48
94,Restaurant_94,South Indian,Bangalore,4.9,36
95,Restaurant_95,Mexican,Pune,4.2,35
96,Restaurant_96,Italian,Hyderabad,4.2,42
97,Restaurant_97,Chinese,Bangalore,3.4,50
98,Restaurant_98,North Indian,Pune,4.0,22
99,Restaurant_99,Mexican,Mumbai,2.5,40
100,Restaurant_100,Italian,Bangalore,4.1,45
101,Restaurant_101,Chinese,Mumbai,4.8,55
102,Restaurant_102,Chinese,Mumbai,4.0,56
103,Restaurant_103,Mexican,Delhi,4.7,41
104,Restaurant_104,Fast Food,Hyderabad,4.3,31
105,Restaurant_105,North Indian,Bangalore,2.8,32
106,Restaurant_106,Chinese,Mumbai,4.8,30
107,Restaurant_107,Mexican,Delhi,2.7,35
108,Restaurant_108,Mexican,Pune,3.8,27
109,Restaurant_109,Italian,Bangalore,2.9,59
110,Restaurant_110,Fast Food,Mumbai,2.5,59
111,Restaurant_111,North Indian,Hyderabad,3.6,21
112,Restaurant_112,South Indian,Delhi,3.2,49
113,Restaurant_113,Italian,Mumbai,3.7,49
114,Restaurant_114,Chinese,Hyderabad,3.9,31
115,Restaurant_115,Chinese,Mumbai,2.6,29
116,Restaurant_116,Italian,Bangalore,2.8,30
117,Restaurant_117,Mexican,Bangalore,3.9,34
118,Restaurant_118,Chinese,Bangalore,3.4,35
119,Restaurant_119,Fast Food,Delhi,4.3,36
120,Restaurant_120,North Indian,Bangalore,4.1,45
121,Restaurant_121,Fast Food,Hyderabad,4.6,21
122,Restaurant_122,Chinese,Mumbai,4.2,31
123,Restaurant_123,South Indian,Pune,3.6,45
124,Restaurant_124,North Indian,Hyderabad,4.2,42
125,Restaurant_125,North Indian,Hyderabad,3.2,37
126,Restaurant_126,Italian,Bangalore,3.3,51
127,Restaurant_127,Italian,Delhi,4.5,57
128,Restaurant_128,South Indian,Mumbai,3.6,22
129,Restaurant_129,Mexican,Delhi,4.5,57
130,Restaurant_130,North Indian,Mumbai,4.6,22
131,Restaurant_131,South Indian,Mumbai,4.6,49
132,Restaurant_132,Italian,Delhi,4.8,20
133,Restaurant_133,Italian,Hyderabad,3.6,49
134,Restaurant_134,North Indian,Mumbai,3.3,51
135,Restaurant_135,Fast Food,Delhi,4.0,47
136,Restaurant_136,Chinese,Mumbai,3.4,40
137,Restaurant_137,Italian,Pune,4.0,32
138,Restaurant_138,Mexican,Hyderabad,4.3,46
139,Restaurant_139,Mexican,Bangalore,4.2,55
140,Restaurant_140,Italian,Mumbai,3.4,26
141,Restaurant_141,Fast Food,Pune,2.9,41
142,Restaurant_142,Fast Food,Bangalore,3.6,29
143,Restaurant_143,South Indian,Bangalore,2.9,58
144,Restaurant_144,Mexican,Mumbai,4.7,34
145,Restaurant_145,South Indian,Delhi,3.4,34
146,Restaurant_146,Mexican,Mumbai,2.9,23
147,Restaurant_147,Chinese,Pune,2.6,51
148,Restaurant_148,Chinese,Bangalore,4.1,42
149,Restaurant_149,North Indian,Mumbai,4.1,25
150,Restaurant_150,South Indian,Delhi,3.4,43
151,Restaurant_151,Italian,Mumbai,2.7,39
152,Restaurant_152,South Indian,Hyderabad,3.5,56
153,Restaurant_153,Italian,Delhi,3.3,39
154,Restaurant_154,Fast Food,Pune,4.2,31
155,Restaurant_155,South Indian,Bangalore,4.0,52
156,Restaurant_156,Fast Food,Mumbai,3.4,47
157,Restaurant_157,Chinese,Delhi,3.0,27
158,Restaurant_158,Chinese,Hyderabad,5.0,20
159,Restaurant_159,North Indian,Delhi,3.6,56
160,Restaurant_160,South Indian,Hyderabad,4.2,41
161,Restaurant_161,Fast Food,Pune,2.9,25
162,Restaurant_162,Italian,Bangalore,3.7,40
163,Restaurant_163,Chinese,Pune,2.6,51
164,Restaurant_164,Chinese,Mumbai,3.8,54
165,Restaurant_165,Italian,Delhi,4.9,34
166,Restaurant_166,Fast Food,Hyderabad,3.5,24
167,Restaurant_167,Fast Food,Hyderabad,2.6,25
168,Restaurant_168,South Indian,Delhi,2.6,44
169,Restaurant_169,South Indian,Delhi,3.5,59
170,Restaurant_170,Mexican,Mumbai,2.9,48
171,Restaurant_171,Mexican,Pune,2.6,26
172,Restaurant_172,North Indian,Hyderabad,4.4,59
173,Restaurant_173,Chinese,Mumbai,3.6,32
174,Restaurant_174,South Indian,Pune,3.2,57
175,Restaurant_175,Fast Food,Mumbai,4.8,37
176,Restaurant_176,Italian,Hyderabad,2.8,21
177,Restaurant_177,Fast Food,Delhi,4.9,27
178,Restaurant_178,Chinese,Delhi,3.3,30
179,Restaurant_179,Mexican,Pune,4.7,52
180,Restaurant_180,Fast Food,Bangalore,4.0,57
181,Restaurant_181,North Indian,Pune,4.6,46
182,Restaurant_182,Chinese,Bangalore,5.0,39
183,Restaurant_183,Mexican,Mumbai,3.2,31
184,Restaurant_184,Italian,Mumbai,4.9,50
185,Restaurant_185,Mexican,Hyderabad,3.5,46
186,Restaurant_186,North Indian,Bangalore,3.5,51
187,Restaurant_187,Chinese,Hyderabad,3.4,29
188,Restaurant_188,Italian,Delhi,3.9,22
189,Restaurant_189,North Indian,Bangalore,2.9,46
190,Restaurant_190,Mexican,Pune,3.9,54
191,Restaurant_191,North Indian,Delhi,3.9,50
192,Restaurant_192,Chinese,Delhi,4.4,34
193,Restaurant_193,South Indian,Pune,4.6,35
194,Restaurant_194,North Indian,Delhi,3.6,32
195,Restaurant_195,North Indian,Bangalore,3.3,54
196,Restaurant_196,Mexican,Hyderabad,3.1,30
197,Restaurant_197,Mexican,Delhi,3.0,40
198,Restaurant_198,Italian,Bangalore,2.6,30
199,Restaurant_199,Mexican,Mumbai,3.4,49
200,Restaurant_200,Fast Food,Bangalore,3.2,54
201,Restaurant_201,Chinese,Hyderabad,4.9,41
202,Restaurant_202,Chinese,Bangalore,3.9,57
203,Restaurant_203,South Indian,Pune,3.4,50
204,Restaurant_204,South Indian,Hyderabad,4.0,33
205,Restaurant_205,Chinese,Mumbai,2.8,43
206,Restaurant_206,South Indian,Pune,3.6,51
207,Restaurant_207,Italian,Bangalore,4.1,55
208,Restaurant_208,Mexican,Hyderabad,3.7,51
209,Restaurant_209,Chinese,Mumbai,3.5,34
210,Restaurant_210,South Indian,Pune,5.0,54
211,Restaurant_211,Chinese,Mumbai,4.7,22
212,Restaurant_212,Fast Food,Bangalore,4.1,35
213,Restaurant_213,North Indian,Mumbai,3.9,24
214,Restaurant_214,Mexican,Delhi,4.1,40
215,Restaurant_215,Chinese,Pune,3.0,29
216,Restaurant_216,North Indian,Mumbai,3.5,38
217,Restaurant_217,South Indian,Bangalore,2.6,44
218,Restaurant_218,North Indian,Bangalore,3.7,23
219,Restaurant_219,Mexican,Mumbai,3.9,48
220,Restaurant_220,Chinese,Bangalore,3.1,38
221,Restaurant_221,Fast Food,Hyderabad,4.9,21
222,Restaurant_222,South Indian,Hyderabad,4.8,29
223,Restaurant_223,Chinese,Hyderabad,4.3,44
224,Restaurant_224,Mexican,Delhi,3.8,39
225,Restaurant_225,South Indian,Mumbai,4.7,38
226,Restaurant_226,Italian,Delhi,2.8,42
227,Restaurant_227,North Indian,Bangalore,4.5,43
228,Restaurant_228,Mexican,Delhi,2.8,30
229,Restaurant_229,Italian,Bangalore,4.5,53
230,Restaurant_230,Chinese,Bangalore,3.2,47
231,Restaurant_231,Fast Food,Pune,4.7,24
232,Restaurant_232,South Indian,Hyderabad,4.9,24
233,Restaurant_233,North Indian,Bangalore,2.9,40
234,Restaurant_234,South Indian,Pune,3.7,31
235,Restaurant_235,Chinese,Hyderabad,5.0,23
236,Restaurant_236,South Indian,Bangalore,3.7,39
237,Restaurant_237,North Indian,Bangalore,4.7,57
238,Restaurant_238,Chinese,Delhi,4.0,44
239,Restaurant_239,South Indian,Delhi,3.4,33
240,Restaurant_240,Fast Food,Hyderabad,3.2,30
241,Restaurant_241,Mexican,Bangalore,3.0,51
242,Restaurant_242,Chinese,Mumbai,4.4,30
243,Restaurant_243,Mexican,Delhi,3.5,37
244,Restaurant_244,Chinese,Hyderabad,3.8,46
245,Restaurant_245,Fast Food,Bangalore,3.7,37
246,Restaurant_246,Mexican,Bangalore,3.9,42
247,Restaurant_247,Italian,Mumbai,4.7,30
248,Restaurant_248,North Indian,Hyderabad,5.0,40
249,Restaurant_249,Italian,Bangalore,3.5,24
250,Restaurant_250,South Indian,Delhi,4.6,42
251,Restaurant_251,Fast Food,Mumbai,4.4,44
252,Restaurant_252,Italian,Hyderabad,3.9,29
253,Restaurant_253,Chinese,Mumbai,4.9,41
254,Restaurant_254,South Indian,Delhi,3.0,38
255,Restaurant_255,South Indian,Hyderabad,2.8,20
256,Restaurant_256,Italian,Mumbai,4.6,26
257,Restaurant_257,Italian,Pune,3.6,23
258,Restaurant_258,Fast Food,Delhi,4.6,20
259,Restaurant_259,North Indian,Delhi,4.7,34
260,Restaurant_260,Italian,Delhi,2.7,59
261,Restaurant_261,Italian,Pune,4.7,31
262,Restaurant_262,Mexican,Pune,3.6,41
263,Restaurant_263,Chinese,Bangalore,3.8,41
264,Restaurant_264,Mexican,Mumbai,4.1,36
265,Restaurant_265,Mexican,Bangalore,4.8,48
266,Restaurant_266,South Indian,Mumbai,2.5,33
267,Restaurant_267,North Indian,Pune,3.7,39
268,Restaurant_268,Chinese,Pune,4.2,52
269,Restaurant_269,Fast Food,Bangalore,4.3,34
270,Restaurant_270,Fast Food,Hyderabad,4.2,31
271,Restaurant_271,Italian,Bangalore,2.8,59
272,Restaurant_272,Italian,Mumbai,3.2,39
273,Restaurant_273,Fast Food,Bangalore,3.4,49
274,Restaurant_274,Italian,Delhi,4.5,57
275,Restaurant_275,North Indian,Mumbai,3.2,22
276,Restaurant_276,Mexican,Mumbai,3.0,47
277,Restaurant_277,Italian,Hyderabad,4.9,45
278,Restaurant_278,South Indian,Pune,2.5,49
279,Restaurant_279,Italian,Mumbai,5.0,32
280,Restaurant_280,Chinese,Pune,4.2,32
281,Restaurant_281,North Indian,Bangalore,4.6,21
282,Restaurant_282,Chinese,Delhi,3.2,56
283,Restaurant_283,Chinese,Hyderabad,2.5,57
284,Restaurant_284,South Indian,Pune,4.3,21
285,Restaurant_285,North Indian,Mumbai,4.6,55
286,Restaurant_286,North Indian,Pune,4.4,45
287,Restaurant_287,North Indian,Mumbai,2.9,30
288,Restaurant_288,North Indian,Pune,4.4,27
289,Restaurant_289,North Indian,Mumbai,4.4,59
290,Restaurant_290,South Indian,Bangalore,4.1,41
291,Restaurant_291,Italian,Mumbai,4.4,39
292,Restaurant_292,Chinese,Mumbai,4.6,27
293,Restaurant_293,North Indian,Delhi,4.0,48
294,Restaurant_294,Italian,Mumbai,2.7,59
295,Restaurant_295,Italian,Delhi,3.7,45
296,Restaurant_296,Chinese,Hyderabad,2.7,49
297,Restaurant_297,South Indian,Delhi,3.5,36
298,Restaurant_298,Fast Food,Bangalore,3.5,39
299,Restaurant_299,Fast Food,Delhi,2.7,35
300,Restaurant_300,Italian,Hyderabad,3.4,26
301,Restaurant_301,Mexican,Bangalore,2.8,35
302,Restaurant_302,Mexican,Pune,4.5,46
303,Restaurant_303,Chinese,Pune,4.9,42
304,Restaurant_304,Fast Food,Delhi,2.7,43
305,Restaurant_305,Italian,Delhi,4.9,28
306,Restaurant_306,South Indian,Hyderabad,3.8,54
307,Restaurant_307,Fast Food,Hyderabad,3.2,39
308,Restaurant_308,Italian,Mumbai,2.7,56
309,Restaurant_309,Italian,Hyderabad,3.8,36
310,Restaurant_310,North Indian,Mumbai,4.5,50
311,Restaurant_311,South Indian,Bangalore,4.3,27
312,Restaurant_312,North Indian,Delhi,2.6,34
313,Restaurant_313,Chinese,Bangalore,2.7,50
314,Restaurant_314,North Indian,Hyderabad,3.5,49
315,Restaurant_315,North Indian,Bangalore,3.2,39
316,Restaurant_316,Fast Food,Bangalore,3.1,58
317,Restaurant_317,Mexican,Bangalore,3.2,31
318,Restaurant_318,Italian,Hyderabad,4.5,36
319,Restaurant_319,South Indian,Bangalore,4.8,49
320,Restaurant_320,North Indian,Mumbai,3.5,48
321,Restaurant_321,South Indian,Hyderabad,4.8,38
322,Restaurant_322,Mexican,Bangalore,3.3,30
323,Restaurant_323,Mexican,Hyderabad,3.7,53
324,Restaurant_324,North Indian,Pune,3.1,26
325,Restaurant_325,Chinese,Mumbai,4.1,53
326,Restaurant_326,North Indian,Bangalore,4.9,39
327,Restaurant_327,Fast Food,Pune,4.0,57
328,Restaurant_328,Italian,Pune,3.4,43
329,Restaurant_329,Chinese,Hyderabad,4.1,29
330,Restaurant_330,North Indian,Pune,2.8,51
331,Restaurant_331,South Indian,Mumbai,4.7,34
332,Restaurant_332,Chinese,Mumbai,3.8,56
333,Restaurant_333,Chinese,Delhi,3.6,39
334,Restaurant_334,North Indian,Mumbai,4.0,22
335,Restaurant_335,Chinese,Pune,4.1,56
336,Restaurant_336,South Indian,Mumbai,2.7,59
337,Restaurant_337,Mexican,Hyderabad,4.2,27
338,Restaurant_338,Chinese,Delhi,3.1,59
339,Restaurant_339,Mexican,Pune,4.3,42
340,Restaurant_340,South Indian,Delhi,4.6,59
341,Restaurant_341,North Indian,Pune,4.5,30
342,Restaurant_342,Italian,Hyderabad,3.9,27
343,Restaurant_343,Chinese,Delhi,3.8,48
344,Restaurant_344,Italian,Bangalore,2.9,49
345,Restaurant_345,South Indian,Pune,4.4,29
346,Restaurant_346,Chinese,Bangalore,3.2,58
347,Restaurant_347,Mexican,Delhi,3.7,47
348,Restaurant_348,Fast Food,Bangalore,3.2,55
349,Restaurant_349,Italian,Bangalore,2.8,32
350,Restaurant_350,Chinese,Delhi,4.1,51
351,Restaurant_351,Italian,Hyderabad,2.6,55
352,Restaurant_352,Chinese,Bangalore,4.4,56
353,Restaurant_353,North Indian,Bangalore,3.3,45
354,Restaurant_354,Mexican,Hyderabad,2.5,41
355,Restaurant_355,Italian,Bangalore,3.8,23
356,Restaurant_356,Fast Food,Bangalore,2.6,50
357,Restaurant_357,Fast Food,Bangalore,3.2,37
358,Restaurant_358,South Indian,Mumbai,4.3,57
359,Restaurant_359,Chinese,Hyderabad,2.7,43
360,Restaurant_360,Italian,Bangalore,4.6,42
361,Restaurant_361,South Indian,Hyderabad,2.5,41
362,Restaurant_362,Italian,Pune,3.1,21
363,Restaurant_363,Chinese,Pune,4.4,50
364,Restaurant_364,Fast Food,Bangalore,3.3,30
365,Restaurant_365,North Indian,Hyderabad,2.8,47
366,Restaurant_366,Fast Food,Hyderabad,3.4,51
367,Restaurant_367,South Indian,Hyderabad,3.2,24
368,Restaurant_368,Mexican,Mumbai,4.6,57
369,Restaurant_369,North Indian,Pune,3.3,29
370,Restaurant_370,South Indian,Hyderabad,4.5,59
371,Restaurant_371,Chinese,Hyderabad,4.7,43
372,Restaurant_372,North Indian,Mumbai,3.6,54
373,Restaurant_373,South Indian,Mumbai,4.8,42
374,Restaurant_374,Chinese,Hyderabad,3.4,36
375,Restaurant_375,Fast Food,Delhi,4.9,20
376,Restaurant_376,Mexican,Hyderabad,2.7,50
377,Restaurant_377,Chinese,Hyderabad,4.2,50
378,Restaurant_378,Italian,Mumbai,3.7,53
379,Restaurant_379,Chinese,Mumbai,3.5,28
380,Restaurant_380,Chinese,Hyderabad,4.1,41
381,Restaurant_381,Mexican,Hyderabad,4.3,32
382,Restaurant_382,Italian,Hyderabad,2.5,44
383,Restaurant_383,South Indian,Mumbai,2.9,37
384,Restaurant_384,South Indian,Hyderabad,4.3,31
385,Restaurant_385,Chinese,Hyderabad,4.2,59
386,Restaurant_386,Italian,Bangalore,4.9,36
387,Restaurant_387,Italian,Delhi,4.4,34
388,Restaurant_388,Mexican,Pune,4.9,34
389,Restaurant_389,Fast Food,Delhi,4.3,34
390,Restaurant_390,South Indian,Bangalore,3.2,58
391,Restaurant_391,Mexican,Pune,2.8,32
392,Restaurant_392,North Indian,Hyderabad,4.5,36
393,Restaurant_393,South Indian,Bangalore,4.1,51
394,Restaurant_394,Mexican,Hyderabad,2.6,28
395,Restaurant_395,South Indian,Mumbai,3.4,59
396,Restaurant_396,Fast Food,Bangalore,4.9,39
397,Restaurant_397,North Indian,Mumbai,3.8,45
398,Restaurant_398,Fast Food,Bangalore,3.6,46
399,Restaurant_399,North Indian,Bangalore,3.6,40
400,Restaurant_400,Chinese,Mumbai,3.0,37
401,Restaurant_401,Mexican,Pune,3.4,32
402,Restaurant_402,North Indian,Delhi,3.4,35
403,Restaurant_403,Fast Food,Hyderabad,2.6,28
404,Restaurant_404,South Indian,Bangalore,4.4,31
405,Restaurant_405,North Indian,Hyderabad,3.5,57
406,Restaurant_406,Mexican,Mumbai,4.6,38
407,Restaurant_407,North Indian,Hyderabad,4.6,26
408,Restaurant_408,Italian,Mumbai,3.0,54
409,Restaurant_409,South Indian,Hyderabad,4.1,37
410,Restaurant_410,Mexican,Delhi,3.7,35
411,Restaurant_411,Mexican,Delhi,4.7,58
412,Restaurant_412,Chinese,Delhi,3.0,23
413,Restaurant_413,Fast Food,Delhi,4.2,44
414,Restaurant_414,Chinese,Delhi,4.0,51
415,Restaurant_415,Mexican,Delhi,3.2,59
416,Restaurant_416,South Indian,Mumbai,2.8,32
417,Restaurant_417,North Indian,Bangalore,4.1,36
418,Restaurant_418,North Indian,Hyderabad,4.3,56
419,Restaurant_419,South Indian,Delhi,3.3,25
420,Restaurant_420,Mexican,Mumbai,4.1,38
421,Restaurant_421,North Indian,Mumbai,3.5,32
422,Restaurant_422,North Indian,Mumbai,4.3,45
423,Restaurant_423,North Indian,Bangalore,3.0,33
424,Restaurant_424,Fast Food,Hyderabad,4.7,50
425,Restaurant_425,Fast Food,Bangalore,3.2,23
426,Restaurant_426,Italian,Pune,3.4,58
427,Restaurant_427,Chinese,Mumbai,2.6,27
428,Restaurant_428,South Indian,Pune,2.8,44
429,Restaurant_429,South Indian,Delhi,3.8,32
430,Restaurant_430,South Indian,Delhi,3.2,51
431,Restaurant_431,Italian,Bangalore,4.6,57
432,Restaurant_432,Fast Food,Hyderabad,2.5,57
433,Restaurant_433,Mexican,Pune,3.4,47
434,Restaurant_434,Mexican,Hyderabad,3.3,49
435,Restaurant_435,Italian,Bangalore,2.5,22
436,Restaurant_436,Mexican,Delhi,2.8,47
437,Restaurant_437,South Indian,Hyderabad,3.5,22
438,Restaurant_438,Chinese,Hyderabad,3.7,53
439,Restaurant_439,North Indian,Delhi,3.5,35
440,Restaurant_440,Fast Food,Pune,3.8,41
441,Restaurant_441,Fast Food,Delhi,4.0,51
442,Restaurant_442,Italian,Hyderabad,2.5,57
443,Restaurant_443,Fast Food,Pune,3.7,27
444,Restaurant_444,South Indian,Pune,4.9,27
445,Restaurant_445,Mexican,Delhi,3.8,25
446,Restaurant_446,South Indian,Hyderabad,4.2,33
447,Restaurant_447,Italian,Bangalore,3.3,51
448,Restaurant_448,South Indian,Hyderabad,4.4,54
449,Restaurant_449,Mexican,Mumbai,4.4,29
450,Restaurant_450,Chinese,Bangalore,3.8,22
451,Restaurant_451,Italian,Pune,4.9,31
452,Restaurant_452,Chinese,Bangalore,2.8,50
453,Restaurant_453,North Indian,Pune,2.5,48
454,Restaurant_454,Chinese,Pune,4.4,24
455,Restaurant_455,North Indian,Bangalore,4.5,44
456,Restaurant_456,North Indian,Pune,2.8,50
457,Restaurant_457,Chinese,Pune,3.2,40
458,Restaurant_458,Italian,Mumbai,2.5,39
459,Restaurant_459,Mexican,Hyderabad,3.2,58
460,Restaurant_460,South Indian,Hyderabad,4.4,41
461,Restaurant_461,South Indian,Mumbai,3.8,23
462,Restaurant_462,Mexican,Bangalore,3.4,32
463,Restaurant_463,North Indian,Delhi,3.4,39
464,Restaurant_464,North Indian,Delhi,2.5,32
465,Restaurant_465,Italian,Delhi,3.2,36
466,Restaurant_466,Fast Food,Mumbai,4.1,55
467,Restaurant_467,Chinese,Mumbai,4.9,52
468,Restaurant_468,North Indian,Pune,4.6,20
469,Restaurant_469,South Indian,Delhi,2.6,34
470,Restaurant_470,Italian,Bangalore,4.7,32
471,Restaurant_471,Chinese,Bangalore,4.5,36
472,Restaurant_472,Italian,Delhi,4.5,43
473,Restaurant_473,Chinese,Delhi,3.6,27
474,Restaurant_474,Chinese,Delhi,3.5,46
475,Restaurant_475,Mexican,Mumbai,3.3,42
476,Restaurant_476,North Indian,Mumbai,2.7,27
477,Restaurant_477,Italian,Mumbai,3.1,27
478,Restaurant_478,Italian,Hyderabad,3.1,45
479,Restaurant_479,Mexican,Bangalore,3.7,32
480,Restaurant_480,South Indian,Bangalore,4.4,58
481,Restaurant_481,South Indian,Pune,3.7,56
482,Restaurant_482,North Indian,Mumbai,2.6,47
483,Restaurant_483,North Indian,Hyderabad,4.9,44
484,Restaurant_484,Fast Food,Hyderabad,4.9,35
485,Restaurant_485,Mexican,Bangalore,4.5,21
486,Restaurant_486,South Indian,Mumbai,5.0,37
487,Restaurant_487,Chinese,Pune,3.9,36
488,Restaurant_488,Italian,Mumbai,4.9,49
489,Restaurant_489,North Indian,Delhi,2.7,58
490,Restaurant_490,Italian,Mumbai,3.4,32
491,Restaurant_491,Italian,Delhi,3.1,51
492,Restaurant_492,Fast Food,Delhi,3.0,48
493,Restaurant_493,South Indian,Pune,2.9,49
494,Restaurant_494,North Indian,Bangalore,4.1,37
495,Restaurant_495,Italian,Mumbai,4.5,32
496,Restaurant_496,North Indian,Delhi,3.9,40
497,Restaurant_497,Chinese,Mumbai,2.9,49
498,Restaurant_498,Fast Food,Bangalore,4.5,40
499,Restaurant_499,Chinese,Bangalore,4.1,36
500,Restaurant_500,North Indian,Hyderabad,3.5,59
501,Restaurant_501,North Indian,Bangalore,4.2,38
502,Restaurant_502,South Indian,Pune,3.1,34
503,Restaurant_503,Italian,Delhi,3.4,28
504,Restaurant_504,Italian,Hyderabad,4.8,29
505,Restaurant_505,Chinese,Pune,3.2,50
506,Restaurant_506,Fast Food,Mumbai,3.7,42
507,Restaurant_507,Mexican,Delhi,4.7,49
508,Restaurant_508,Italian,Bangalore,4.3,52
509,Restaurant_509,South Indian,Delhi,2.7,28
510,Restaurant_510,Chinese,Mumbai,2.9,20
511,Restaurant_511,Chinese,Hyderabad,2.5,54
512,Restaurant_512,Mexican,Hyderabad,4.1,30
513,Restaurant_513,South Indian,Hyderabad,3.6,53
514,Restaurant_514,Fast Food,Bangalore,2.8,35
515,Restaurant_515,South Indian,Pune,4.9,28
516,Restaurant_516,Fast Food,Pune,3.8,51
517,Restaurant_517,South Indian,Delhi,3.1,34
518,Restaurant_518,South Indian,Bangalore,3.8,31
519,Restaurant_519,North Indian,Hyderabad,4.2,52
520,Restaurant_520,Chinese,Hyderabad,2.7,33
521,Restaurant_521,South Indian,Mumbai,3.2,27
522,Restaurant_522,Mexican,Mumbai,4.5,27
523,Restaurant_523,South Indian,Hyderabad,3.6,46
524,Restaurant_524,Italian,Hyderabad,3.9,31
525,Restaurant_525,Chinese,Bangalore,3.6,20
526,Restaurant_526,Italian,Pune,2.6,59
527,Restaurant_527,Chinese,Mumbai,2.9,30
528,Restaurant_528,Italian,Pune,3.6,58
529,Restaurant_529,South Indian,Bangalore,3.0,50
530,Restaurant_530,South Indian,Hyderabad,2.6,36
531,Restaurant_531,North Indian,Pune,4.6,52
532,Restaurant_532,Mexican,Hyderabad,5.0,51
533,Restaurant_533,Italian,Hyderabad,4.5,48
534,Restaurant_534,Fast Food,Delhi,4.6,40
535,Restaurant_535,North Indian,Pune,3.1,40
536,Restaurant_536,Italian,Pune,4.9,59
537,Restaurant_537,Italian,Hyderabad,3.0,42
538,Restaurant_538,North Indian,Bangalore,4.9,25
539,Restaurant_539,South Indian,Delhi,5.0,41
540,Restaurant_540,Italian,Hyderabad,4.3,57
541,Restaurant_541,South Indian,Mumbai,5.0,56
542,Restaurant_542,North Indian,Mumbai,3.9,27
543,Restaurant_543,South Indian,Delhi,3.1,54
544,Restaurant_544,Chinese,Bangalore,3.6,30
545,Restaurant_545,Fast Food,Hyderabad,4.0,43
546,Restaurant_546,Italian,Pune,2.7,40
547,Restaurant_547,Mexican,Delhi,4.1,21
548,Restaurant_548,Fast Food,Bangalore,5.0,59
549,Restaurant_549,South Indian,Pune,3.0,38
550,Restaurant_550,Italian,Mumbai,4.5,58
551,Restaurant_551,South Indian,Mumbai,4.8,47
552,Restaurant_552,Chinese,Pune,4.9,36
553,Restaurant_553,North Indian,Delhi,4.9,25
554,Restaurant_554,Italian,Mumbai,3.8,38
555,Restaurant_555,Chinese,Hyderabad,4.9,57
556,Restaurant_556,Chinese,Pune,4.4,47
557,Restaurant_557,Italian,Pune,2.9,21
558,Restaurant_558,South Indian,Mumbai,3.7,57
559,Restaurant_559,Mexican,Delhi,4.3,56
560,Restaurant_560,Chinese,Hyderabad,3.1,23
561,Restaurant_561,Fast Food,Delhi,4.1,41
562,Restaurant_562,Chinese,Bangalore,4.2,45
563,Restaurant_563,Mexican,Bangalore,2.9,55
564,Restaurant_564,South Indian,Mumbai,3.9,32
565,Restaurant_565,South Indian,Mumbai,4.4,51
566,Restaurant_566,Fast Food,Mumbai,3.7,36
567,Restaurant_567,Chinese,Bangalore,2.5,55
568,Restaurant_568,South Indian,Delhi,2.5,38
569,Restaurant_569,Mexican,Delhi,3.4,54
570,Restaurant_570,Italian,Mumbai,4.8,59
571,Restaurant_571,North Indian,Hyderabad,3.1,47
572,Restaurant_572,North Indian,Delhi,4.1,20
573,Restaurant_573,North Indian,Bangalore,3.1,37
574,Restaurant_574,Chinese,Pune,3.3,59
575,Restaurant_575,Fast Food,Pune,4.6,52
576,Restaurant_576,South Indian,Pune,4.3,31
577,Restaurant_577,Italian,Hyderabad,2.7,27
578,Restaurant_578,Mexican,Mumbai,3.6,43
579,Restaurant_579,Italian,Bangalore,2.6,35
580,Restaurant_580,Mexican,Hyderabad,3.7,23
581,Restaurant_581,Chinese,Bangalore,4.2,57
582,Restaurant_582,North Indian,Bangalore,2.8,46
583,Restaurant_583,Chinese,Mumbai,3.2,28
584,Restaurant_584,Fast Food,Pune,3.5,35
585,Restaurant_585,Fast Food,Mumbai,4.8,31
586,Restaurant_586,Mexican,Hyderabad,5.0,50
587,Restaurant_587,South Indian,Hyderabad,2.6,43
588,Restaurant_588,South Indian,Hyderabad,4.4,33
589,Restaurant_589,Mexican,Mumbai,3.4,44
590,Restaurant_590,Fast Food,Bangalore,3.5,53
591,Restaurant_591,Fast Food,Bangalore,4.4,22
592,Restaurant_592,Fast Food,Delhi,4.8,43
593,Restaurant_593,Chinese,Hyderabad,4.9,28
594,Restaurant_594,Fast Food,Bangalore,3.9,45
595,Restaurant_595,Italian,Delhi,3.4,39
596,Restaurant_596,North Indian,Bangalore,4.5,59
597,Restaurant_597,Fast Food,Hyderabad,3.1,29
598,Restaurant_598,Mexican,Pune,3.9,38
599,Restaurant_599,North Indian,Hyderabad,3.4,22
600,Restaurant_600,Chinese,Mumbai,4.1,43
601,Restaurant_601,Mexican,Bangalore,3.1,24
602,Restaurant_602,North Indian,Bangalore,3.0,22
603,Restaurant_603,Mexican,Mumbai,4.8,46
604,Restaurant_604,Chinese,Mumbai,2.8,35
605,Restaurant_605,Italian,Pune,3.8,34
606,Restaurant_606,Chinese,Bangalore,3.1,54
607,Restaurant_607,Chinese,Bangalore,2.6,31
608,Restaurant_608,Mexican,Pune,2.6,45
609,Restaurant_609,South Indian,Delhi,2.9,53
610,Restaurant_610,Fast Food,Pune,4.7,42
611,Restaurant_611,Fast Food,Hyderabad,3.2,50
612,Restaurant_612,Italian,Bangalore,4.9,39
613,Restaurant_613,Italian,Mumbai,4.0,31
614,Restaurant_614,Fast Food,Hyderabad,3.6,42
615,Restaurant_615,South Indian,Bangalore,4.0,23
616,Restaurant_616,Fast Food,Pune,3.8,42
617,Restaurant_617,South Indian,Hyderabad,4.4,20
618,Restaurant_618,Italian,Bangalore,3.2,44
619,Restaurant_619,North Indian,Delhi,3.4,21
620,Restaurant_620,Mexican,Delhi,4.7,49
621,Restaurant_621,Italian,Mumbai,4.9,22
622,Restaurant_622,Italian,Bangalore,4.7,40
623,Restaurant_623,Chinese,Delhi,3.5,44
624,Restaurant_624,Chinese,Pune,4.5,39
625,Restaurant_625,Chinese,Bangalore,3.7,41
626,Restaurant_626,Mexican,Pune,3.7,40
627,Restaurant_627,Chinese,Pune,3.0,52
628,Restaurant_628,South Indian,Delhi,4.0,57
629,Restaurant_629,Fast Food,Bangalore,3.0,34
630,Restaurant_630,North Indian,Hyderabad,3.3,34
631,Restaurant_631,Italian,Delhi,4.6,44
632,Restaurant_632,South Indian,Delhi,3.0,40
633,Restaurant_633,North Indian,Bangalore,2.7,43
634,Restaurant_634,South Indian,Bangalore,2.7,24
635,Restaurant_635,South Indian,Pune,4.9,25
636,Restaurant_636,Italian,Bangalore,3.8,42
637,Restaurant_637,Fast Food,Pune,3.5,23
638,Restaurant_638,Chinese,Delhi,4.5,46
639,Restaurant_639,Mexican,Mumbai,4.6,37
640,Restaurant_640,Fast Food,Hyderabad,3.3,40
641,Restaurant_641,Mexican,Delhi,4.2,47
642,Restaurant_642,Italian,Bangalore,4.4,54
643,Restaurant_643,Italian,Hyderabad,4.1,41
644,Restaurant_644,Italian,Mumbai,2.9,59
645,Restaurant_645,North Indian,Mumbai,4.7,42
646,Restaurant_646,Mexican,Pune,3.8,22
647,Restaurant_647,Fast Food,Hyderabad,3.2,59
648,Restaurant_648,Fast Food,Pune,3.6,29
649,Restaurant_649,South Indian,Delhi,2.6,44
650,Restaurant_650,South Indian,Hyderabad,2.8,27
651,Restaurant_651,South Indian,Delhi,4.4,30
652,Restaurant_652,Italian,Pune,2.5,24
653,Restaurant_653,Fast Food,Hyderabad,3.5,56
654,Restaurant_654,Mexican,Pune,3.8,57
655,Restaurant_655,Italian,Hyderabad,2.6,48
656,Restaurant_656,North Indian,Pune,4.9,24
657,Restaurant_657,South Indian,Mumbai,3.1,28
658,Restaurant_658,Italian,Pune,3.3,21
659,Restaurant_659,Italian,Mumbai,3.3,20
660,Restaurant_660,North Indian,Pune,3.1,59
661,Restaurant_661,Chinese,Hyderabad,2.5,49
662,Restaurant_662,Fast Food,Hyderabad,4.3,30
663,Restaurant_663,Mexican,Hyderabad,4.9,47
664,Restaurant_664,Chinese,Bangalore,3.1,31
665,Restaurant_665,South Indian,Delhi,4.2,58
666,Restaurant_666,Italian,Hyderabad,4.4,45
667,Restaurant_667,North Indian,Mumbai,4.6,32
668,Restaurant_668,North Indian,Hyderabad,3.6,27
669,Restaurant_669,Fast Food,Bangalore,3.3,47
670,Restaurant_670,Chinese,Mumbai,3.3,49
671,Restaurant_671,Fast Food,Bangalore,4.3,28
672,Restaurant_672,Italian,Mumbai,4.5,58
673,Restaurant_673,Fast Food,Pune,3.0,50
674,Restaurant_674,Mexican,Delhi,3.4,40
675,Restaurant_675,North Indian,Delhi,4.8,53
676,Restaurant_676,North Indian,Bangalore,4.5,50
677,Restaurant_677,South Indian,Delhi,5.0,44
678,Restaurant_678,South Indian,Bangalore,4.4,31
679,Restaurant_679,Italian,Bangalore,3.5,20
680,Restaurant_680,Mexican,Bangalore,4.0,41
681,Restaurant_681,Chinese,Delhi,4.2,59
682,Restaurant_682,Fast Food,Bangalore,2.7,56
683,Restaurant_683,Italian,Delhi,3.9,20
684,Restaurant_684,South Indian,Bangalore,4.3,20
685,Restaurant_685,Fast Food,Hyderabad,2.9,40
686,Restaurant_686,South Indian,Bangalore,4.5,34
687,Restaurant_687,Fast Food,Mumbai,4.0,36
688,Restaurant_688,Chinese,Bangalore,4.9,41
689,Restaurant_689,Italian,Pune,2.6,57
690,Restaurant_690,Fast Food,Bangalore,3.2,54
691,Restaurant_691,Mexican,Mumbai,4.0,35
692,Restaurant_692,North Indian,Mumbai,3.2,27
693,Restaurant_693,Mexican,Delhi,4.3,36
694,Restaurant_694,Mexican,Hyderabad,4.4,36
695,Restaurant_695,North Indian,Bangalore,2.8,45
696,Restaurant_696,Mexican,Delhi,3.8,32
697,Restaurant_697,Fast Food,Hyderabad,3.8,36
698,Restaurant_698,Fast Food,Bangalore,3.4,57
699,Restaurant_699,Fast Food,Pune,4.8,36
700,Restaurant_700,North Indian,Bangalore,4.6,33
701,Restaurant_701,Mexican,Mumbai,4.2,25
702,Restaurant_702,North Indian,Mumbai,4.3,54
703,Restaurant_703,Fast Food,Pune,3.7,33
704,Restaurant_704,Mexican,Delhi,4.8,27
705,Restaurant_705,Mexican,Hyderabad,4.2,34
706,Restaurant_706,South Indian,Bangalore,4.3,46
707,Restaurant_707,South Indian,Mumbai,4.7,32
708,Restaurant_708,Chinese,Delhi,3.2,50
709,Restaurant_709,Italian,Pune,4.5,54
710,Restaurant_710,South Indian,Mumbai,3.0,25
711,Restaurant_711,North Indian,Pune,3.4,24
712,Restaurant_712,South Indian,Bangalore,3.3,41
713,Restaurant_713,Chinese,Hyderabad,4.9,42
714,Restaurant_714,Mexican,Mumbai,4.6,44
715,Restaurant_715,Chinese,Mumbai,4.3,53
716,Restaurant_716,Mexican,Bangalore,4.3,45
717,Restaurant_717,Mexican,Delhi,3.9,24
718,Restaurant_718,Italian,Hyderabad,4.9,45
719,Restaurant_719,South Indian,Mumbai,3.7,39
720,Restaurant_720,North Indian,Hyderabad,3.5,25
721,Restaurant_721,North Indian,Mumbai,2.9,25
722,Restaurant_722,Fast Food,Hyderabad,4.5,37
723,Restaurant_723,Mexican,Pune,4.3,23
724,Restaurant_724,North Indian,Mumbai,3.5,36
725,Restaurant_725,Italian,Hyderabad,2.6,33
726,Restaurant_726,Mexican,Delhi,4.6,33
727,Restaurant_727,Italian,Pune,2.5,32
728,Restaurant_728,North Indian,Pune,4.3,26
729,Restaurant_729,North Indian,Delhi,4.9,34
730,Restaurant_730,Fast Food,Hyderabad,3.6,38
731,Restaurant_731,North Indian,Bangalore,3.1,54
732,Restaurant_732,Mexican,Delhi,4.3,36
733,Restaurant_733,Mexican,Hyderabad,4.5,54
734,Restaurant_734,Mexican,Delhi,3.9,38
735,Restaurant_735,Fast Food,Delhi,4.9,39
736,Restaurant_736,Fast Food,Mumbai,2.6,55
737,Restaurant_737,North Indian,Hyderabad,3.8,54
738,Restaurant_738,Chinese,Bangalore,4.3,51
739,Restaurant_739,Chinese,Mumbai,4.7,59
740,Restaurant_740,Fast Food,Delhi,2.9,43
741,Restaurant_741,North Indian,Delhi,4.5,36
742,Restaurant_742,Chinese,Delhi,3.9,26
743,Restaurant_743,North Indian,Hyderabad,3.5,20
744,Restaurant_744,North Indian,Hyderabad,2.8,54
745,Restaurant_745,North Indian,Mumbai,4.7,51
746,Restaurant_746,South Indian,Bangalore,2.9,55
747,Restaurant_747,Mexican,Mumbai,3.3,32
748,Restaurant_748,North Indian,Pune,3.2,25
749,Restaurant_749,South Indian,Delhi,4.7,33
750,Restaurant_750,Fast Food,Delhi,4.2,56
751,Restaurant_751,Chinese,Delhi,4.5,34
752,Restaurant_752,Mexican,Mumbai,3.1,23
753,Restaurant_753,Chinese,Mumbai,4.1,59
754,Restaurant_754,Mexican,Delhi,3.9,35
755,Restaurant_755,Chinese,Mumbai,4.6,47
756,Restaurant_756,Mexican,Hyderabad,4.8,35
757,Restaurant_757,Chinese,Hyderabad,2.5,23
758,Restaurant_758,Chinese,Mumbai,4.2,45
759,Restaurant_759,Chinese,Delhi,2.6,47
760,Restaurant_760,Chinese,Mumbai,3.9,51
761,Restaurant_761,Fast Food,Mumbai,3.2,21
762,Restaurant_762,North Indian,Mumbai,3.3,50
763,Restaurant_763,Italian,Pune,3.4,22
764,Restaurant_764,South Indian,Hyderabad,4.1,27
765,Restaurant_765,Italian,Bangalore,3.3,43
766,Restaurant_766,Italian,Bangalore,4.3,34
767,Restaurant_767,Mexican,Pune,3.5,50
768,Restaurant_768,North Indian,Mumbai,2.7,28
769,Restaurant_769,Mexican,Pune,4.5,58
770,Restaurant_770,North Indian,Pune,3.2,21
771,Restaurant_771,North Indian,Delhi,3.6,27
772,Restaurant_772,Chinese,Hyderabad,4.2,26
773,Restaurant_773,Fast Food,Bangalore,3.3,58
774,Restaurant_774,Chinese,Mumbai,2.6,35
775,Restaurant_775,Fast Food,Bangalore,3.4,54
776,Restaurant_776,Mexican,Bangalore,4.9,49
777,Restaurant_777,Fast Food,Hyderabad,4.1,29
778,Restaurant_778,Mexican,Bangalore,4.2,57
779,Restaurant_779,Italian,Bangalore,4.1,37
780,Restaurant_780,Italian,Pune,3.0,24
781,Restaurant_781,Fast Food,Hyderabad,3.5,48
782,Restaurant_782,Fast Food,Delhi,4.4,58
783,Restaurant_783,Mexican,Mumbai,2.8,53
784,Restaurant_784,Chinese,Bangalore,3.2,42
785,Restaurant_785,Mexican,Mumbai,3.2,24
786,Restaurant_786,Chinese,Delhi,3.6,49
787,Restaurant_787,Italian,Mumbai,5.0,25
788,Restaurant_788,North Indian,Delhi,2.7,23
789,Restaurant_789,Fast Food,Pune,3.8,48
790,Restaurant_790,Chinese,Bangalore,2.9,42
791,Restaurant_791,Mexican,Delhi,4.9,25
792,Restaurant_792,Italian,Mumbai,2.8,51
793,Restaurant_793,Chinese,Bangalore,3.5,37
794,Restaurant_794,Mexican,Pune,4.3,34
795,Restaurant_795,Fast Food,Bangalore,4.3,59
796,Restaurant_796,Fast Food,Delhi,3.6,51
797,Restaurant_797,South Indian,Pune,3.4,28
798,Restaurant_798,North Indian,Mumbai,3.5,56
799,Restaurant_799,South Indian,Pune,3.2,29
800,Restaurant_800,Italian,Pune,3.0,39
801,Restaurant_801,Chinese,Hyderabad,3.7,25
802,Restaurant_802,Italian,Pune,3.2,22
803,Restaurant_803,Mexican,Pune,3.2,30
804,Restaurant_804,Fast Food,Bangalore,4.1,36
805,Restaurant_805,South Indian,Mumbai,4.9,51
806,Restaurant_806,South Indian,Bangalore,4.0,23
807,Restaurant_807,South Indian,Bangalore,2.7,23
808,Restaurant_808,Italian,Delhi,2.7,36
809,Restaurant_809,Fast Food,Bangalore,4.9,38
810,Restaurant_810,Chinese,Hyderabad,3.2,24
811,Restaurant_811,Mexican,Hyderabad,2.7,51
812,Restaurant_812,Chinese,Delhi,4.0,41
813,Restaurant_813,Italian,Mumbai,4.1,25
814,Restaurant_814,Mexican,Mumbai,4.1,54
815,Restaurant_815,South Indian,Bangalore,3.2,41
816,Restaurant_816,North Indian,Bangalore,2.5,20
817,Restaurant_817,Italian,Bangalore,4.9,39
818,Restaurant_818,Italian,Mumbai,3.1,41
819,Restaurant_819,Fast Food,Pune,4.2,30
820,Restaurant_820,Chinese,Hyderabad,4.3,32
821,Restaurant_821,Italian,Pune,4.0,22
822,Restaurant_822,Italian,Pune,3.3,28
823,Restaurant_823,South Indian,Mumbai,3.2,31
824,Restaurant_824,South Indian,Pune,4.0,42
825,Restaurant_825,Mexican,Delhi,4.7,33
826,Restaurant_826,North Indian,Bangalore,4.9,52
827,Restaurant_827,Fast Food,Delhi,2.8,37
828,Restaurant_828,North Indian,Hyderabad,2.9,28
829,Restaurant_829,Mexican,Bangalore,4.9,42
830,Restaurant_830,South Indian,Pune,4.3,29
831,Restaurant_831,Chinese,Hyderabad,4.7,38
832,Restaurant_832,South Indian,Bangalore,3.0,24
833,Restaurant_833,Fast Food,Pune,4.0,42
834,Restaurant_834,South Indian,Delhi,4.3,49
835,Restaurant_835,Fast Food,Bangalore,4.2,44
836,Restaurant_836,Fast Food,Pune,3.5,47
837,Restaurant_837,Fast Food,Delhi,2.5,53
838,Restaurant_838,Mexican,Hyderabad,4.0,44
839,Restaurant_839,Fast Food,Hyderabad,3.1,29
840,Restaurant_840,Fast Food,Hyderabad,3.6,33
841,Restaurant_841,Chinese,Hyderabad,4.9,49
842,Restaurant_842,North Indian,Mumbai,3.5,44
843,Restaurant_843,Italian,Bangalore,4.6,33
844,Restaurant_844,North Indian,Bangalore,3.0,54
845,Restaurant_845,Fast Food,Mumbai,4.2,53
846,Restaurant_846,Chinese,Pune,4.9,29
847,Restaurant_847,South Indian,Pune,2.8,54
848,Restaurant_848,Chinese,Hyderabad,2.5,30
849,Restaurant_849,Fast Food,Delhi,3.6,30
850,Restaurant_850,Chinese,Pune,2.7,40
851,Restaurant_851,Chinese,Delhi,4.4,40
852,Restaurant_852,Fast Food,Bangalore,4.8,41
853,Restaurant_853,Mexican,Delhi,3.6,26
854,Restaurant_854,Chinese,Bangalore,3.1,36
855,Restaurant_855,Italian,Mumbai,3.6,21
856,Restaurant_856,Italian,Mumbai,4.3,31
857,Restaurant_857,Chinese,Hyderabad,2.5,37
858,Restaurant_858,Mexican,Pune,4.0,30
859,Restaurant_859,South Indian,Hyderabad,4.0,35
860,Restaurant_860,Fast Food,Bangalore,4.1,37
861,Restaurant_861,Italian,Hyderabad,3.1,54
862,Restaurant_862,South Indian,Delhi,4.3,45
863,Restaurant_863,Chinese,Bangalore,2.7,35
864,Restaurant_864,South Indian,Mumbai,3.0,25
865,Restaurant_865,North Indian,Pune,4.7,31
866,Restaurant_866,Italian,Bangalore,4.3,32
867,Restaurant_867,Chinese,Bangalore,2.5,23
868,Restaurant_868,Fast Food,Delhi,3.1,58
869,Restaurant_869,Mexican,Pune,3.0,21
870,Restaurant_870,Chinese,Mumbai,3.2,45
871,Restaurant_871,Fast Food,Bangalore,3.1,46
872,Restaurant_872,Mexican,Bangalore,2.7,46
873,Restaurant_873,Mexican,Delhi,3.6,34
874,Restaurant_874,Chinese,Hyderabad,4.3,27
875,Restaurant_875,South Indian,Mumbai,4.0,26
876,Restaurant_876,South Indian,Pune,4.2,59
877,Restaurant_877,Mexican,Bangalore,2.7,31
878,Restaurant_878,South Indian,Bangalore,4.9,32
879,Restaurant_879,North Indian,Mumbai,4.6,36
880,Restaurant_880,Mexican,Hyderabad,4.5,36
881,Restaurant_881,Mexican,Bangalore,4.6,55
882,Restaurant_882,Fast Food,Mumbai,4.8,40
883,Restaurant_883,South Indian,Delhi,3.9,27
884,Restaurant_884,Mexican,Hyderabad,3.0,24
885,Restaurant_885,North Indian,Pune,4.0,45
886,Restaurant_886,Fast Food,Bangalore,4.4,35
887,Restaurant_887,Chinese,Mumbai,4.3,55
888,Restaurant_888,Mexican,Delhi,3.8,47
889,Restaurant_889,North Indian,Pune,2.7,48
890,Restaurant_890,Italian,Mumbai,3.4,31
891,Restaurant_891,North Indian,Mumbai,4.8,56
892,Restaurant_892,North Indian,Pune,4.0,49
893,Restaurant_893,Fast Food,Delhi,3.8,42
894,Restaurant_894,Chinese,Delhi,3.2,35
895,Restaurant_895,Italian,Hyderabad,3.4,33
896,Restaurant_896,South Indian,Bangalore,4.7,29
897,Restaurant_897,South Indian,Pune,4.2,26
898,Restaurant_898,North Indian,Pune,4.5,56
899,Restaurant_899,Fast Food,Pune,3.6,48
900,Restaurant_900,Fast Food,Delhi,4.1,22
901,Restaurant_901,South Indian,Bangalore,3.1,34
902,Restaurant_902,Italian,Hyderabad,4.3,55
903,Restaurant_903,Chinese,Mumbai,3.6,38
904,Restaurant_904,Italian,Mumbai,3.6,32
905,Restaurant_905,Mexican,Pune,4.1,40
906,Restaurant_906,Mexican,Bangalore,4.8,56
907,Restaurant_907,Chinese,Delhi,2.7,46
908,Restaurant_908,South Indian,Bangalore,4.6,48
909,Restaurant_909,Chinese,Bangalore,3.2,39
910,Restaurant_910,Fast Food,Delhi,3.6,44
911,Restaurant_911,Mexican,Pune,2.6,25
912,Restaurant_912,North Indian,Bangalore,3.3,55
913,Restaurant_913,North Indian,Mumbai,3.8,21
914,Restaurant_914,South Indian,Delhi,2.6,41
915,Restaurant_915,Fast Food,Hyderabad,3.7,51
916,Restaurant_916,Italian,Pune,4.8,35
917,Restaurant_917,Fast Food,Delhi,2.8,37
918,Restaurant_918,North Indian,Hyderabad,4.4,24
919,Restaurant_919,North Indian,Hyderabad,3.5,55
920,Restaurant_920,Mexican,Bangalore,4.1,49
921,Restaurant_921,Fast Food,Bangalore,3.2,38
922,Restaurant_922,Fast Food,Bangalore,2.9,42
923,Restaurant_923,North Indian,Delhi,2.9,53
924,Restaurant_924,Italian,Delhi,2.7,32
925,Restaurant_925,South Indian,Pune,3.0,48
926,Restaurant_926,South Indian,Bangalore,4.2,55
927,Restaurant_927,Fast Food,Hyderabad,4.7,41
928,Restaurant_928,South Indian,Mumbai,4.5,55
929,Restaurant_929,North Indian,Pune,4.2,28
930,Restaurant_930,North Indian,Delhi,2.8,58
931,Restaurant_931,Fast Food,Pune,3.2,38
932,Restaurant_932,Fast Food,Pune,3.3,57
933,Restaurant_933,Mexican,Pune,3.1,25
934,Restaurant_934,Fast Food,Pune,3.8,34
935,Restaurant_935,Italian,Mumbai,3.8,39
936,Restaurant_936,South Indian,Bangalore,3.4,28
937,Restaurant_937,Fast Food,Hyderabad,3.4,51
938,Restaurant_938,Chinese,Pune,4.6,23
939,Restaurant_939,Mexican,Pune,4.5,37
940,Restaurant_940,Chinese,Pune,3.3,24
941,Restaurant_941,North Indian,Bangalore,4.8,39
942,Restaurant_942,South Indian,Delhi,4.9,42
943,Restaurant_943,Fast Food,Delhi,3.3,30
944,Restaurant_944,Chinese,Mumbai,3.4,56
945,Restaurant_945,South Indian,Delhi,3.8,41
946,Restaurant_946,North Indian,Pune,4.9,23
947,Restaurant_947,Italian,Pune,4.7,48
948,Restaurant_948,Mexican,Pune,2.8,53
949,Restaurant_949,South Indian,Mumbai,3.5,32
950,Restaurant_950,South Indian,Pune,3.9,28
951,Restaurant_951,Italian,Delhi,3.8,50
952,Restaurant_952,South Indian,Bangalore,3.0,26
953,Restaurant_953,North Indian,Bangalore,4.6,23
954,Restaurant_954,North Indian,Hyderabad,4.2,38
955,Restaurant_955,Italian,Delhi,4.6,49
956,Restaurant_956,Mexican,Pune,4.6,50
957,Restaurant_957,Fast Food,Bangalore,4.4,54
958,Restaurant_958,Chinese,Delhi,3.6,40
959,Restaurant_959,Fast Food,Bangalore,4.0,50
960,Restaurant_960,South Indian,Pune,2.9,38
961,Restaurant_961,Chinese,Bangalore,4.2,50
962,Restaurant_962,Italian,Hyderabad,2.9,51
963,Restaurant_963,Italian,Hyderabad,4.2,21
964,Restaurant_964,Mexican,Bangalore,3.1,29
965,Restaurant_965,Chinese,Delhi,2.8,21
966,Restaurant_966,North Indian,Delhi,2.9,21
967,Restaurant_967,Chinese,Delhi,2.5,43
968,Restaurant_968,South Indian,Bangalore,4.3,36
969,Restaurant_969,North Indian,Delhi,4.3,51
970,Restaurant_970,Italian,Pune,3.8,35
971,Restaurant_971,Chinese,Hyderabad,2.9,35
972,Restaurant_972,Fast Food,Pune,2.7,58
973,Restaurant_973,Mexican,Delhi,2.5,50
974,Restaurant_974,Fast Food,Pune,2.9,43
975,Restaurant_975,Mexican,Delhi,4.7,20
976,Restaurant_976,South Indian,Bangalore,3.1,30
977,Restaurant_977,Fast Food,Pune,3.4,40
978,Restaurant_978,Chinese,Bangalore,2.8,23
979,Restaurant_979,Chinese,Bangalore,3.1,26
980,Restaurant_980,Fast Food,Mumbai,3.8,45
981,Restaurant_981,Chinese,Delhi,4.0,31
982,Restaurant_982,South Indian,Hyderabad,3.1,50
983,Restaurant_983,North Indian,Delhi,2.6,36
984,Restaurant_984,South Indian,Hyderabad,3.5,52
985,Restaurant_985,Mexican,Delhi,3.1,30
986,Restaurant_986,South Indian,Bangalore,3.0,47
987,Restaurant_987,Mexican,Pune,4.9,51
988,Restaurant_988,Chinese,Pune,4.0,20
989,Restaurant_989,North Indian,Mumbai,3.9,47
990,Restaurant_990,Chinese,Hyderabad,3.5,26
991,Restaurant_991,Italian,Hyderabad,3.6,21
992,Restaurant_992,Chinese,Hyderabad,3.9,43
993,Restaurant_993,Mexican,Bangalore,4.2,23
994,Restaurant_994,Chinese,Hyderabad,4.3,38
995,Restaurant_995,Chinese,Pune,2.9,45
996,Restaurant_996,North Indian,Bangalore,3.8,30
997,Restaurant_997,Chinese,Delhi,3.5,59
998,Restaurant_998,North Indian,Hyderabad,4.7,30
999,Restaurant_999,Fast Food,Hyderabad,4.1,22
1000,Restaurant_1000,Italian,Delhi,3.8,31
